{"cameraMode":{"drawMode":0,"name":"Shaded","section":"Shading Mode"},"sceneLighting":true,"audioPlay":false,"sceneViewState":{"m_AlwaysRefresh":false,"showFog":true,"showSkybox":true,"showFlares":true,"showImageEffects":true,"showParticleSystems":true,"showVisualEffectGraphs":true,"m_FxEnabled":true},"in2DMode":false,"pivot":{"x":0.24676364660263062,"y":-0.04265449196100235,"z":-0.5609055757522583},"rotation":{"x":-0.0008657639264129102,"y":0.23596619069576264,"z":0.00020729072275571525,"w":0.9717679619789124},"size":1.9385960102081299,"orthographic":false}