{"cameraMode":{"drawMode":0,"name":"Shaded","section":"Shading Mode"},"sceneLighting":true,"audioPlay":false,"sceneViewState":{"m_AlwaysRefresh":false,"showFog":true,"showSkybox":true,"showFlares":true,"showImageEffects":true,"showParticleSystems":true,"showVisualEffectGraphs":true,"m_FxEnabled":true},"in2DMode":false,"pivot":{"x":0.8643618226051331,"y":0.4497544765472412,"z":1.1821097135543824},"rotation":{"x":0.05442922189831734,"y":-0.4184858500957489,"z":-0.025140203535556794,"w":-0.9062531590461731},"size":2.8185513019561769,"orthographic":false}